{"0.1": {"converge": true, "iteration": 4, "alpha": 0.15, "time_per_iteration": 0.004106283187866211, "total_cost": 21308209.54711252, "xfc_longest_distance": 0, "num_xfc": 0}, "0.01": {"converge": true, "iteration": 4, "alpha": 0.15, "time_per_iteration": 0.004050731658935547, "total_cost": 21308209.54711252, "xfc_longest_distance": 0, "num_xfc": 0}, "0.001": {"converge": true, "iteration": 4, "alpha": 0.15, "time_per_iteration": 0.0041166941324869795, "total_cost": 21308209.54711252, "xfc_longest_distance": 0, "num_xfc": 0}, "0.0001": {"converge": true, "iteration": 54, "alpha": 0.15, "time_per_iteration": 0.003861773688838167, "total_cost": 7759986.543851647, "xfc_longest_distance": 0, "num_xfc": 0}}