{"0.5": {"converge": false, "iteration": 201, "alpha": 0.5, "time_per_iteration": 0.004148260354995727, "total_cost": 60505179.93259579, "xfc_longest_distance": 0, "num_xfc": 0}, "0.4": {"converge": false, "iteration": 201, "alpha": 0.4, "time_per_iteration": 0.004033006429672241, "total_cost": 15573795.452635683, "xfc_longest_distance": 0, "num_xfc": 0}, "0.3": {"converge": true, "iteration": 11, "alpha": 0.3, "time_per_iteration": 0.004031944274902344, "total_cost": 9790470.295156376, "xfc_longest_distance": 0, "num_xfc": 0}, "0.2": {"converge": true, "iteration": 20, "alpha": 0.2, "time_per_iteration": 0.003824497524060701, "total_cost": 7824176.217147182, "xfc_longest_distance": 0, "num_xfc": 0}, "0.1": {"converge": true, "iteration": 27, "alpha": 0.1, "time_per_iteration": 0.0038683506158682015, "total_cost": 7783795.50910212, "xfc_longest_distance": 0, "num_xfc": 0}}