{"degree": 182.87425949110724, "betweenness": 50.00218641133313, "eigenvector": 31.062313507809336, "closeness": 50.00218641133313, "weighted_betweenness": 445.33425382559096, "adjusted_degree": 272.3504695276732, "adjusted_betweenness": 182.87425949110724}