{"0.1": 0.00935288667678833, "0.2": 0.008003008365631104, "0.3": 0.008322334289550782, "0.4": 0.010117602348327637, "0.5": 0.008837890625, "0": 0.0063254038492838545}