{"degree": 90688752.78925878, "betweenness": 506438169.6411422, "eigenvector": 231589278.9125145, "closeness": 506438169.6411422, "weighted_betweenness": 11191131607.457424, "adjusted_degree": 143577397.4450904}