{"degree": 90688752.78925878, "betweenness": 506438169.6411422, "eigenvector": 231589278.9125145, "closeness": 506438169.6411422}