{"degree": {"converge": true, "iteration": 24, "alpha": 0.15, "time_per_iteration": 0.006413210993227752, "total_cost": 1197954803.5277567, "xfc_longest_distance": 1762.1402911598486, "num_xfc": 1}, "betweenness": {"converge": true, "iteration": 24, "alpha": 0.15, "time_per_iteration": 0.006426603897758152, "total_cost": 1197954803.5277567, "xfc_longest_distance": 1762.1402911598486, "num_xfc": 1}, "eigenvector": {"converge": true, "iteration": 24, "alpha": 0.15, "time_per_iteration": 0.006475925445556641, "total_cost": 1197954803.5277567, "xfc_longest_distance": 1762.1402911598486, "num_xfc": 1}, "closeness": {"converge": true, "iteration": 24, "alpha": 0.15, "time_per_iteration": 0.00642376360685929, "total_cost": 1197954803.5277567, "xfc_longest_distance": 1762.1402911598486, "num_xfc": 1}, "weighted_betweenness": {"converge": true, "iteration": 35, "alpha": 0.15, "time_per_iteration": 0.00871285971473245, "total_cost": 118228625080.54614, "xfc_longest_distance": 152321.3594769291, "num_xfc": 1}, "adjusted_degree": {"converge": true, "iteration": 24, "alpha": 0.15, "time_per_iteration": 0.00639361920564071, "total_cost": 1197954803.5277567, "xfc_longest_distance": 1762.1402911598486, "num_xfc": 1}, "adjusted_betweenness": {"converge": true, "iteration": 24, "alpha": 0.15, "time_per_iteration": 0.00643542538518491, "total_cost": 1197954803.5277567, "xfc_longest_distance": 1762.1402911598486, "num_xfc": 1}, "demand_in_out": {"converge": true, "iteration": 24, "alpha": 0.15, "time_per_iteration": 0.006400357122006623, "total_cost": 1197954803.5277567, "xfc_longest_distance": 1762.1402911598486, "num_xfc": 1}, "demand_in_out_adj": {"converge": true, "iteration": 24, "alpha": 0.15, "time_per_iteration": 0.006402741307797639, "total_cost": 1197954803.5277567, "xfc_longest_distance": 1762.1402911598486, "num_xfc": 1}, "greedy": {"converge": true, "iteration": 14, "alpha": 0.15, "time_per_iteration": 0.008940733396089993, "total_cost": 18054501229.374607, "xfc_longest_distance": 23548.348963222605, "num_xfc": 1}}