{"0.1": {"converge": true, "iteration": 54, "alpha": 0.15, "time_per_iteration": 0.005249428299238097, "total_cost": 91090723.91118602, "xfc_longest_distance": 190.4245804939863, "num_xfc": 2}, "0.2": {"converge": true, "iteration": 44, "alpha": 0.15, "time_per_iteration": 0.005536362182262332, "total_cost": 35130095.49088838, "xfc_longest_distance": 108.73697083241237, "num_xfc": 4}, "0.3": {"converge": true, "iteration": 52, "alpha": 0.15, "time_per_iteration": 0.005568265914916992, "total_cost": 12860819.13758694, "xfc_longest_distance": 42.53072579128553, "num_xfc": 7}, "0.4": {"converge": true, "iteration": 40, "alpha": 0.15, "time_per_iteration": 0.005805486287826147, "total_cost": 8641505.276567483, "xfc_longest_distance": 18.947412561671072, "num_xfc": 9}, "0.5": {"converge": true, "iteration": 40, "alpha": 0.15, "time_per_iteration": 0.006122479071983924, "total_cost": 8555883.853966359, "xfc_longest_distance": 18.517665426711265, "num_xfc": 12}, "0": {"converge": true, "iteration": 4, "alpha": 0.15, "time_per_iteration": 0.004106203715006511, "total_cost": 21308209.54711252, "xfc_longest_distance": 0, "num_xfc": 0}}