{"0": {"converge": true, "iteration": 60, "alpha": 0.15, "time_per_iteration": 0.005186695163532839, "total_cost": 90688752.78925878, "xfc_longest_distance": 188.20467276228462, "num_xfc": 2}, "20": {"converge": true, "iteration": 54, "alpha": 0.15, "time_per_iteration": 0.005281979182981096, "total_cost": 91090723.91118602, "xfc_longest_distance": 190.4245804939863, "num_xfc": 2}, "10": {"converge": true, "iteration": 54, "alpha": 0.15, "time_per_iteration": 0.0052788122644964255, "total_cost": 91090723.91118602, "xfc_longest_distance": 190.4245804939863, "num_xfc": 2}, "5": {"converge": true, "iteration": 54, "alpha": 0.15, "time_per_iteration": 0.0052764460725604366, "total_cost": 91090723.91118602, "xfc_longest_distance": 190.4245804939863, "num_xfc": 2}, "1": {"converge": true, "iteration": 63, "alpha": 0.15, "time_per_iteration": 0.005228523285158219, "total_cost": 103568923.29986526, "xfc_longest_distance": 207.86911716453227, "num_xfc": 2}}