{"10": 0.009382593631744384, "20": 0.009538590908050537, "30": 0.010006392002105713, "40": 0.01018540859222412, "50": 0.00883324146270752, "0": 0.00920931100845337}