{"0.1": 0.19625115394592285, "0.2": 0.43219447135925293, "0.3": 0.35450267791748047, "0.4": 0.3033864498138428, "0.5": 0.3208153247833252, "0": 0.01764082908630371}