{"degree": 1197954803.5277567, "betweenness": 1197954803.5277567, "eigenvector": 1197954803.5277567, "closeness": 1197954803.5277567, "weighted_betweenness": 118228625080.54614, "adjusted_degree": 1197954803.5277567, "adjusted_betweenness": 1197954803.5277567, "greedy": 18054501229.374607, "demand_in_out": 1197954803.5277567, "demand_in_out_adj": 1197954803.5277567, "full_greedy": 18054501229.374607, "gurobi": 1197954803.5277567}