{"0.1": 0.005378937721252442, "0.2": 0.005523061752319336, "0.3": 0.005339300632476807, "0.4": 0.005660700798034668, "0.5": 0.005931460857391357, "0": 0.006400775909423828}