{"0.1": 0.008592900107888615, "0.2": 0.007776016412779342, "0.3": 0.008440513236849917, "0.4": 0.007979279472714379, "0.5": 0.008669896003527518, "0": 0.006228844324747722}