{"degree": 90688752.78925878, "betweenness": 506438169.6411422, "eigenvector": 231589278.9125145, "closeness": 506438169.6411422, "weighted_betweenness": 11191131607.457424, "adjusted_degree": 90688752.78925878, "adjusted_betweenness": 216287596.09673956, "demand_in_out": 122332720.25631368, "demand_in_out_adj": 231589278.9125145}