{"degree": 188.20467276228462, "betweenness": 889.7800640078666, "eigenvector": 414.0895587793953, "closeness": 889.7800640078666, "weighted_betweenness": 12292.73986473012, "adjusted_degree": 188.20467276228462, "adjusted_betweenness": 360.15396611802197, "demand_in_out": 244.9386119843306, "demand_in_out_adj": 414.0895587793953}