{"0": 0.006840218888952377, "10": 0.006657214725718778, "5": 0.006834710345548742, "1": 0.006764119321649725}