{"0": 506438169.6411422, "10": 518100427.5529286, "5": 518100427.5529286, "1": 574118111.7788322}