{"0.5": {"converge": true, "iteration": 54, "alpha": 0.5, "time_per_iteration": 0.73345780822466, "total_cost": 1163650.3277857502, "xfc_longest_distance": 0, "num_xfc": 0}, "0.4": {"converge": true, "iteration": 91, "alpha": 0.4, "time_per_iteration": 0.7260725922054715, "total_cost": 1023496.1830656148, "xfc_longest_distance": 0, "num_xfc": 0}, "0.3": {"converge": true, "iteration": 47, "alpha": 0.3, "time_per_iteration": 0.7268245531165082, "total_cost": 937284.9868667747, "xfc_longest_distance": 0, "num_xfc": 0}, "0.2": {"converge": true, "iteration": 6, "alpha": 0.2, "time_per_iteration": 0.7231947422027588, "total_cost": 949391.2643552425, "xfc_longest_distance": 0, "num_xfc": 0}, "0.1": {"converge": true, "iteration": 13, "alpha": 0.1, "time_per_iteration": 0.7194035053253174, "total_cost": 932912.7469110005, "xfc_longest_distance": 0, "num_xfc": 0}}