{"0.1": {"converge": true, "iteration": 3, "alpha": 0.15, "time_per_iteration": 0.7307816743850708, "total_cost": 1495101.899464256, "xfc_longest_distance": 0, "num_xfc": 0}, "0.01": {"converge": true, "iteration": 7, "alpha": 0.15, "time_per_iteration": 0.7249684731165568, "total_cost": 940521.106410971, "xfc_longest_distance": 0, "num_xfc": 0}, "0.001": {"converge": true, "iteration": 12, "alpha": 0.15, "time_per_iteration": 0.7242423404346813, "total_cost": 930149.1295963333, "xfc_longest_distance": 0, "num_xfc": 0}, "0.0001": {"converge": true, "iteration": 17, "alpha": 0.15, "time_per_iteration": 0.721453532576561, "total_cost": 927640.2467659793, "xfc_longest_distance": 0, "num_xfc": 0}}