{"degree": 951545.8570282334, "betweenness": 988858.7291227791, "eigenvector": 1129155.7906383404, "closeness": 1420887.3389146458, "weighted_betweenness": 1181337.8462290552, "adjusted_degree": 938480.8876521883, "adjusted_betweenness": 950971.3439452212, "demand_in_out": 930370.5373306354, "demand_in_out_adj": 949095.4596619669}