{"0.1": 1.8977941936916776, "0.2": 1.8887871026992797, "0.3": 1.963018509057852, "0.4": 2.0063659928061743, "0.5": 2.0141882529625525, "0": 2.164644653146917}