{"0": 959945.2203753464, "10": 977543.237357242, "5": 995422.3858672958, "1": 1066398.6798224223}