{"degree": 951545.8570282334, "betweenness": 988858.7291227791, "eigenvector": 1962568.0553092307, "closeness": 1420887.3389146458}