{"degree": 35.84403040900005, "betweenness": 36.41176151093797, "eigenvector": 35.61269875202271, "closeness": 26.082206470419408, "weighted_betweenness": 17.050123780894936, "adjusted_degree": 40.70783613095397, "adjusted_betweenness": 37.16150016765314}