{"degree": 29865719.14353093, "betweenness": 69326695.2137354, "eigenvector": 653077503.0382003, "closeness": 33819263.11424322, "weighted_betweenness": 23758327.833895143, "adjusted_degree": 2204322.0507500293, "adjusted_betweenness": 12425410.14351946, "greedy": 12831000.701662784, "demand_in_out": 2101858.482973568, "demand_in_out_adj": 8611634.406281432, "full_greedy": 63587309.60541038, "gurobi": Infinity}