{"0.1": 1.8884233713150025, "0.2": 3.2710410753885903, "0.3": 4.566328896416558, "0.4": 5.858668262308294, "0.5": 7.03641018000516, "0": 1.2070181153037332}