{"degree": {"converge": true, "iteration": 12, "alpha": 0.15, "time_per_iteration": 0.8044447465376421, "total_cost": 978275.8667825843, "xfc_longest_distance": 9.616007046014701, "num_xfc": 52}, "betweenness": {"converge": true, "iteration": 15, "alpha": 0.15, "time_per_iteration": 0.8244610684258598, "total_cost": 1080821.2370906638, "xfc_longest_distance": 13.07644091827029, "num_xfc": 52}, "eigenvector": {"converge": true, "iteration": 24, "alpha": 0.15, "time_per_iteration": 0.866375031678573, "total_cost": 1839785.825747624, "xfc_longest_distance": 18.531144244268305, "num_xfc": 52}, "closeness": {"converge": true, "iteration": 31, "alpha": 0.15, "time_per_iteration": 0.9342899958292643, "total_cost": 2360407.749383007, "xfc_longest_distance": 33.56946424506192, "num_xfc": 52}, "weighted_betweenness": {"converge": true, "iteration": 18, "alpha": 0.15, "time_per_iteration": 0.8821081974927116, "total_cost": 1506583.3755422046, "xfc_longest_distance": 27.8955352909419, "num_xfc": 52}, "adjusted_degree": {"converge": true, "iteration": 8, "alpha": 0.15, "time_per_iteration": 0.8045594351632255, "total_cost": 973931.344999531, "xfc_longest_distance": 9.616009498641068, "num_xfc": 52}, "adjusted_betweenness": {"converge": true, "iteration": 9, "alpha": 0.15, "time_per_iteration": 0.8088516891002655, "total_cost": 995133.7834529622, "xfc_longest_distance": 12.932344196894753, "num_xfc": 52}, "demand_in_out": {"converge": true, "iteration": 12, "alpha": 0.15, "time_per_iteration": 0.6899970228021796, "total_cost": 948989.4443040543, "xfc_longest_distance": 14.530313372399176, "num_xfc": 52}, "demand_in_out_adj": {"converge": true, "iteration": 11, "alpha": 0.15, "time_per_iteration": 0.8240715026855469, "total_cost": 998068.1440799979, "xfc_longest_distance": 13.709645264509303, "num_xfc": 52}, "greedy": {"converge": true, "iteration": 35, "alpha": 0.15, "time_per_iteration": 0.8915800837909474, "total_cost": 2452240.5849983986, "xfc_longest_distance": 44.480446561459274, "num_xfc": 52}}