{"degree": 978275.8667825843, "betweenness": 1080821.2370906638, "eigenvector": 1839785.825747624, "closeness": 2360407.749383007, "weighted_betweenness": 1506583.3755422046, "adjusted_degree": 973931.344999531, "adjusted_betweenness": 995133.7834529622, "greedy": 2452240.5849983986, "demand_in_out": 948989.4443040543, "demand_in_out_adj": 998068.1440799979, "full_greedy": 63587309.60541038}