{"0": 1.771513201973655, "10": 1.4650802612304688, "5": 1.4973241849379106, "1": 1.571702697060325}