{"degree": 951545.8570282334, "betweenness": 988858.7291227791, "eigenvector": 1129155.7906383404, "closeness": 1420887.3389146458, "weighted_betweenness": 1181337.8462290552, "adjusted_degree": 944122.5106976584, "adjusted_betweenness": 972321.4008077538}