{"0.1": 2.007423663139343, "0.2": 3.482471677992079, "0.3": 4.948106871710883, "0.4": 6.388103159991178, "0.5": 7.799280188300393, "0": 1.3897152163765647}