{"0.1": 25.200266122817993, "0.2": 40.07256078720093, "0.3": 42.73043203353882, "0.4": 67.9291820526123, "0.5": 83.07242679595947, "0": 13.10588002204895}