{"0": {"converge": true, "iteration": 13, "alpha": 0.15, "time_per_iteration": 1.2939974069595337, "total_cost": 951545.8570282334, "xfc_longest_distance": 9.115454927230934, "num_xfc": 104}, "20": {"converge": true, "iteration": 12, "alpha": 0.15, "time_per_iteration": 1.1563500491055576, "total_cost": 958583.4881130242, "xfc_longest_distance": 9.115454927230934, "num_xfc": 104}, "10": {"converge": true, "iteration": 10, "alpha": 0.15, "time_per_iteration": 1.1402477953169081, "total_cost": 968410.5473021248, "xfc_longest_distance": 9.115454927230934, "num_xfc": 104}, "5": {"converge": true, "iteration": 13, "alpha": 0.15, "time_per_iteration": 1.136039098103841, "total_cost": 991579.2202706331, "xfc_longest_distance": 9.390965856583541, "num_xfc": 104}, "1": {"converge": true, "iteration": 9, "alpha": 0.15, "time_per_iteration": 1.1432628631591797, "total_cost": 1080444.0797831432, "xfc_longest_distance": 9.445958536864584, "num_xfc": 104}}