{"0.1": {"converge": true, "iteration": 10, "alpha": 0.15, "time_per_iteration": 1.1459265285068088, "total_cost": 968410.5473021248, "xfc_longest_distance": 9.115454927230934, "num_xfc": 104}, "0.2": {"converge": true, "iteration": 8, "alpha": 0.15, "time_per_iteration": 1.968750102179391, "total_cost": 958985.906456325, "xfc_longest_distance": 9.10545492683357, "num_xfc": 208}, "0.3": {"converge": true, "iteration": 13, "alpha": 0.15, "time_per_iteration": 2.79231329758962, "total_cost": 939306.7140361902, "xfc_longest_distance": 9.10545492683357, "num_xfc": 312}, "0.4": {"converge": true, "iteration": 10, "alpha": 0.15, "time_per_iteration": 3.6205338372124567, "total_cost": 934623.0645221863, "xfc_longest_distance": 9.10545492683357, "num_xfc": 416}, "0.5": {"converge": true, "iteration": 12, "alpha": 0.15, "time_per_iteration": 4.454722209410234, "total_cost": 931781.7738277218, "xfc_longest_distance": 5.716525522021015, "num_xfc": 520}, "0": {"converge": true, "iteration": 12, "alpha": 0.15, "time_per_iteration": 0.7245131405917081, "total_cost": 930149.1295963333, "xfc_longest_distance": 0, "num_xfc": 0}}