{"degree": 9.115454927230934, "betweenness": 12.577625098753417, "eigenvector": 11.211189870025903, "closeness": 25.962181799243286, "weighted_betweenness": 23.476333513302055, "adjusted_degree": 9.115454927230934, "adjusted_betweenness": 11.283885014168975, "demand_in_out": 13.049554226708686, "demand_in_out_adj": 13.708955639848329}