{"0": 1.5957824750380083, "10": 1.3767954773373074, "5": 1.3177003860473633, "1": 1.3293294256383723}