{
    "10": 1.9835514227549236,
    "20": 2.038939094543457,
    "30": 2.1068545905026523,
    "40": 2.0989332596460977,
    "50": 2.1873093128204344,
    "0": 2.3063087463378906
}