{"0.1": {"converge": true, "iteration": 4, "alpha": 0.15, "time_per_iteration": 0.4906954765319824, "total_cost": 1415048.65406941, "xfc_longest_distance": 0, "num_xfc": 0}, "0.01": {"converge": true, "iteration": 6, "alpha": 0.15, "time_per_iteration": 0.49258952140808104, "total_cost": 1313313.872680094, "xfc_longest_distance": 0, "num_xfc": 0}, "0.001": {"converge": true, "iteration": 8, "alpha": 0.15, "time_per_iteration": 0.4931793894086565, "total_cost": 1305904.0377473154, "xfc_longest_distance": 0, "num_xfc": 0}, "0.0001": {"converge": true, "iteration": 13, "alpha": 0.15, "time_per_iteration": 0.4880880117416382, "total_cost": 1302219.7268828417, "xfc_longest_distance": 0, "num_xfc": 0}}