{"0.5": {"converge": true, "iteration": 20, "alpha": 0.5, "time_per_iteration": 0.4932054971393786, "total_cost": 1392156.1317296992, "xfc_longest_distance": 0, "num_xfc": 0}, "0.4": {"converge": true, "iteration": 8, "alpha": 0.4, "time_per_iteration": 0.4889161246163504, "total_cost": 1330099.6612928554, "xfc_longest_distance": 0, "num_xfc": 0}, "0.3": {"converge": true, "iteration": 18, "alpha": 0.3, "time_per_iteration": 0.4901381801156437, "total_cost": 1316602.6931082706, "xfc_longest_distance": 0, "num_xfc": 0}, "0.2": {"converge": true, "iteration": 11, "alpha": 0.2, "time_per_iteration": 0.4892488956451416, "total_cost": 1303592.6928432237, "xfc_longest_distance": 0, "num_xfc": 0}, "0.1": {"converge": true, "iteration": 15, "alpha": 0.1, "time_per_iteration": 0.49146715232304167, "total_cost": 1303966.0037383516, "xfc_longest_distance": 0, "num_xfc": 0}}