{"degree": 1321555.6096593696, "betweenness": 1377974.6522012341, "eigenvector": 2634784.788261029, "closeness": 2026014.5413605461, "weighted_betweenness": 1558719.3692897405, "adjusted_degree": 1318413.0109922648, "adjusted_betweenness": 1341179.8063932578, "greedy": 1843823.6421842445, "demand_in_out": 1305884.2913388128, "demand_in_out_adj": 1340787.1337173819}