{"0": 1.366398743220738, "10": 1.0689851707882352, "5": 1.0451611412896051, "1": 1.1394089063008626}