{"degree": 21.591408188402408, "betweenness": 20.495156190348776, "eigenvector": 22.953231869179724, "closeness": 15.747984768520254, "weighted_betweenness": 10.192197911767206, "adjusted_degree": 18.256888444776724, "adjusted_betweenness": 14.290537764751948}