{
    "0.1": 11.738171577453613,
    "0.2": 19.422902822494507,
    "0.3": 28.226613521575928,
    "0.4": 32.813316106796265,
    "0.5": 40.40756869316101,
    "0": 5.28546667098999
}