{"degree": 1329374.0895258351, "betweenness": 1420359.1252512792, "eigenvector": 12120175.949766083, "closeness": 2149095.194763426, "weighted_betweenness": 1799440.4962533526, "adjusted_degree": 1326206.1977059362, "adjusted_betweenness": 1534875.792783673, "greedy": 2412744.4274485963, "demand_in_out": 1321672.3249406246, "demand_in_out_adj": 1451357.0087460552, "full_greedy": 11905580310.643974}