{"degree": 4687425.759126344, "betweenness": 2471041.105909491, "eigenvector": 12919364.675184742, "closeness": 107581081.67917849, "weighted_betweenness": 2680596.294955539, "adjusted_degree": 4687425.759126344, "adjusted_betweenness": 1987704.6337652707, "greedy": 11551777.832677895, "demand_in_out": 2027106.6853275362, "demand_in_out_adj": 4627427.842156371, "full_greedy": 11905580310.643974, "gurobi": Infinity}