{"0": 1318405.3884916278, "10": 1325577.8334805884, "5": 1334444.7820049198, "1": 1415351.340457001}