{"0.1": 1.5280119289051404, "0.2": 1.5672077178955077, "0.3": 1.6196276460375105, "0.4": 2.012620380946568, "0.5": 1.757629156112671, "0": 2.021322318485805}