{"0.1": 1.551107610974993, "0.2": 2.64617235319955, "0.3": 3.788240739277431, "0.4": 4.7475802557809015, "0.5": 5.739291633878436, "0": 0.8442731244223458}