{"0.1": {"converge": true, "iteration": 8, "alpha": 0.15, "time_per_iteration": 0.9980096476418632, "total_cost": 1321555.6096593696, "xfc_longest_distance": Infinity, "num_xfc": 93}, "0.2": {"converge": true, "iteration": 8, "alpha": 0.15, "time_per_iteration": 1.6709273202078683, "total_cost": 1307961.128762353, "xfc_longest_distance": Infinity, "num_xfc": 186}, "0.3": {"converge": true, "iteration": 8, "alpha": 0.15, "time_per_iteration": 2.359112160546439, "total_cost": 1305637.2042040897, "xfc_longest_distance": Infinity, "num_xfc": 279}, "0.4": {"converge": true, "iteration": 8, "alpha": 0.15, "time_per_iteration": 3.0036818981170654, "total_cost": 1306009.868877884, "xfc_longest_distance": Infinity, "num_xfc": 372}, "0.5": {"converge": true, "iteration": 8, "alpha": 0.15, "time_per_iteration": 3.6154572623116628, "total_cost": 1305991.9468435277, "xfc_longest_distance": Infinity, "num_xfc": 465}, "0": {"converge": true, "iteration": 8, "alpha": 0.15, "time_per_iteration": 0.4887476989201137, "total_cost": 1305904.0377473154, "xfc_longest_distance": 0, "num_xfc": 0}}