{"0": 1.3322104726518904, "10": 1.2587090068393283, "5": 1.140376885732015, "1": 1.2688432137171428}