{"0.1": 1.6965551716940743, "0.2": 2.794231959751674, "0.3": 3.9616305828094482, "0.4": 4.997945547103882, "0.5": 6.10291280065264, "0": 0.9377425057547433}