{"degree": 1310976.9559224849, "betweenness": 1373317.40709712, "eigenvector": 2509562.4561370173, "closeness": 1871521.4821048044, "weighted_betweenness": 1531208.8511550676}