{"10": 1.5962615013122559, "20": 1.640742540359497, "30": 1.7397845813206263, "40": 1.8479973588671004, "50": 1.8610851083483015, "0": 2.1065506594521657}