{"0.1": {"converge": true, "iteration": 5, "alpha": 0.15, "time_per_iteration": 0.027081608772277832, "total_cost": 29996.11681369258, "xfc_longest_distance": 0, "num_xfc": 0}, "0.01": {"converge": true, "iteration": 9, "alpha": 0.15, "time_per_iteration": 0.02732861042022705, "total_cost": 28678.31196209787, "xfc_longest_distance": 0, "num_xfc": 0}, "0.001": {"converge": true, "iteration": 9, "alpha": 0.15, "time_per_iteration": 0.027516961097717285, "total_cost": 28678.31196209787, "xfc_longest_distance": 0, "num_xfc": 0}, "0.0001": {"converge": true, "iteration": 43, "alpha": 0.15, "time_per_iteration": 0.02731341975075858, "total_cost": 28249.289635411555, "xfc_longest_distance": 0, "num_xfc": 0}}