{"0.5": {"converge": false, "iteration": 201, "alpha": 0.5, "time_per_iteration": 0.027409299612045288, "total_cost": 114548.38139210324, "xfc_longest_distance": 0, "num_xfc": 0}, "0.4": {"converge": false, "iteration": 201, "alpha": 0.4, "time_per_iteration": 0.027462579011917114, "total_cost": 41617.57703420148, "xfc_longest_distance": 0, "num_xfc": 0}, "0.3": {"converge": false, "iteration": 201, "alpha": 0.3, "time_per_iteration": 0.027779232263565063, "total_cost": 29164.52798723425, "xfc_longest_distance": 0, "num_xfc": 0}, "0.2": {"converge": true, "iteration": 24, "alpha": 0.2, "time_per_iteration": 0.027839246003524117, "total_cost": 28453.295561750245, "xfc_longest_distance": 0, "num_xfc": 0}, "0.1": {"converge": true, "iteration": 10, "alpha": 0.1, "time_per_iteration": 0.027188989851209853, "total_cost": 28788.94111597809, "xfc_longest_distance": 0, "num_xfc": 0}}