{"0.1": 0.10363238453865051, "0.2": 0.1269582211971283, "0.3": 0.139106822013855, "0.4": 0.14108899235725403, "0.5": 0.1417369246482849, "0": 0.04876783490180969}