{"degree": 1.1153788799536548, "betweenness": 0.8573964081244765, "eigenvector": 1.0016930768667243, "closeness": 0.8711472448477631, "weighted_betweenness": 0.8047197482173759, "adjusted_degree": 1.1307625716369398, "adjusted_betweenness": 0.8757044880801044}