{"0.1": 0.1018639087677002, "0.2": 0.130770742893219, "0.3": 0.15817933082580565, "0.4": 0.1561484932899475, "0.5": 0.13857319951057434, "0": 0.05510181188583374}