{"0": 0.07728060483932495, "10": 0.0767773449420929, "5": 0.07261361678441365, "1": 0.06981717972528367}