{"0.1": 1.1592912673950195, "0.2": 1.1804730892181396, "0.3": 1.1559786796569824, "0.4": 1.0265083312988281, "0.5": 1.071678638458252, "0": 0.36550188064575195}