{"degree": 44786.621246218005, "betweenness": 52713.97381282436, "eigenvector": 57061.604837939296, "closeness": 90285.48532587025, "weighted_betweenness": 143584.86853707986, "adjusted_degree": 44786.621246218005, "adjusted_betweenness": 58412.65831138578, "greedy": 2270957.6999646025, "demand_in_out": 65703.36142036054, "demand_in_out_adj": 49196.58196890709, "full_greedy": 5054651.963547008, "gurobi": 22424317.293940756}