{"0": 40016.81249937284, "10": 40016.81249937284, "5": 40543.65296075931, "1": 45326.472049346594}