{"degree": {"converge": true, "iteration": 26, "alpha": 0.15, "time_per_iteration": 0.061182107925415036, "total_cost": 44786.621246218005, "xfc_longest_distance": 0.680529900320975, "num_xfc": 3}, "betweenness": {"converge": true, "iteration": 21, "alpha": 0.15, "time_per_iteration": 0.06628847122192383, "total_cost": 52713.97381282436, "xfc_longest_distance": 1.2014126497071087, "num_xfc": 3}, "eigenvector": {"converge": true, "iteration": 26, "alpha": 0.15, "time_per_iteration": 0.06579261779785156, "total_cost": 57061.604837939296, "xfc_longest_distance": 1.1993814228912347, "num_xfc": 3}, "closeness": {"converge": true, "iteration": 14, "alpha": 0.15, "time_per_iteration": 0.07820668587317833, "total_cost": 90285.48532587025, "xfc_longest_distance": 1.5864766231723282, "num_xfc": 3}, "weighted_betweenness": {"converge": true, "iteration": 31, "alpha": 0.15, "time_per_iteration": 0.08059603373209635, "total_cost": 143584.86853707986, "xfc_longest_distance": 1.779836702144742, "num_xfc": 3}, "adjusted_degree": {"converge": true, "iteration": 26, "alpha": 0.15, "time_per_iteration": 0.06117057800292969, "total_cost": 44786.621246218005, "xfc_longest_distance": 0.680529900320975, "num_xfc": 3}, "adjusted_betweenness": {"converge": true, "iteration": 17, "alpha": 0.15, "time_per_iteration": 0.06664912402629852, "total_cost": 58412.65831138578, "xfc_longest_distance": 1.339045486621458, "num_xfc": 3}, "demand_in_out": {"converge": true, "iteration": 15, "alpha": 0.15, "time_per_iteration": 0.0747849430356707, "total_cost": 65703.36142036054, "xfc_longest_distance": 1.4801252136123868, "num_xfc": 3}, "demand_in_out_adj": {"converge": true, "iteration": 13, "alpha": 0.15, "time_per_iteration": 0.06545509894688924, "total_cost": 49196.58196890709, "xfc_longest_distance": 1.1278915408232855, "num_xfc": 3}, "greedy": {"converge": true, "iteration": 37, "alpha": 0.15, "time_per_iteration": 0.13084464603000218, "total_cost": 2270957.6999646025, "xfc_longest_distance": 15.965319312099966, "num_xfc": 3}}