{"0": {"converge": true, "iteration": 18, "alpha": 0.15, "time_per_iteration": 0.07445450390086454, "total_cost": 38120.63882795805, "xfc_longest_distance": 0.650056336868467, "num_xfc": 7}, "20": {"converge": true, "iteration": 18, "alpha": 0.15, "time_per_iteration": 0.07448656418744255, "total_cost": 38120.63882795805, "xfc_longest_distance": 0.650056336868467, "num_xfc": 7}, "10": {"converge": true, "iteration": 18, "alpha": 0.15, "time_per_iteration": 0.07454708043266745, "total_cost": 38120.63882795805, "xfc_longest_distance": 0.650056336868467, "num_xfc": 7}, "5": {"converge": true, "iteration": 40, "alpha": 0.15, "time_per_iteration": 0.0708163946102827, "total_cost": 38306.90952859898, "xfc_longest_distance": 0.650056336868467, "num_xfc": 7}, "1": {"converge": true, "iteration": 22, "alpha": 0.15, "time_per_iteration": 0.06772770200456892, "total_cost": 42889.03731773466, "xfc_longest_distance": 0.650056336868467, "num_xfc": 7}}