{"0.1": {"converge": true, "iteration": 18, "alpha": 0.15, "time_per_iteration": 0.0744614320642808, "total_cost": 38120.63882795805, "xfc_longest_distance": 0.650056336868467, "num_xfc": 7}, "0.2": {"converge": true, "iteration": 12, "alpha": 0.15, "time_per_iteration": 0.08422684669494629, "total_cost": 30686.890564154186, "xfc_longest_distance": 0.650056336868467, "num_xfc": 14}, "0.3": {"converge": true, "iteration": 10, "alpha": 0.15, "time_per_iteration": 0.08920476171705458, "total_cost": 30010.316581671763, "xfc_longest_distance": 0.650056336868467, "num_xfc": 22}, "0.4": {"converge": true, "iteration": 9, "alpha": 0.15, "time_per_iteration": 0.09402355551719666, "total_cost": 29609.357644108513, "xfc_longest_distance": 0.650056336868467, "num_xfc": 29}, "0.5": {"converge": true, "iteration": 9, "alpha": 0.15, "time_per_iteration": 0.09764158725738525, "total_cost": 29145.278897038286, "xfc_longest_distance": 0.650056336868467, "num_xfc": 37}, "0": {"converge": true, "iteration": 9, "alpha": 0.15, "time_per_iteration": 0.02723965048789978, "total_cost": 28678.31196209787, "xfc_longest_distance": 0, "num_xfc": 0}}