{"0": 0.07858366966247558, "10": 0.08495978713035583, "5": 0.08002092440923055, "1": 0.07319697879609607}