{"10": 0.10614562034606934, "20": 0.11492878198623657, "30": 0.11447254419326783, "40": 0.10855673551559449, "50": 0.10617876052856445, "0": 0.10186972618103027}