{"degree": 38120.63882795805, "betweenness": 35989.24308711571, "eigenvector": 51323.71917085294, "closeness": 40333.72485966892, "weighted_betweenness": 39027.654033251994, "adjusted_degree": 37835.62372907363}