{"0.1": 0.09981848001480102, "0.2": 0.10129046440124512, "0.3": 0.10200269222259521, "0.4": 0.09824067896062677, "0.5": 0.1033589243888855, "0": 0.10227206945419312}