{"degree": 0.650056336868467, "betweenness": 0.650056336868467, "eigenvector": 1.1673106924361332, "closeness": 0.8087140248493814, "weighted_betweenness": 0.7762223436212781, "adjusted_degree": 0.650056336868467, "adjusted_betweenness": 0.650056336868467, "demand_in_out": 0.8260248054645926, "demand_in_out_adj": 0.650056336868467}