{"0.1": {"converge": true, "iteration": 4, "alpha": 0.15, "time_per_iteration": 0.07123525937398274, "total_cost": 1324528.8856405413, "xfc_longest_distance": 0, "num_xfc": 0}, "0.01": {"converge": true, "iteration": 4, "alpha": 0.15, "time_per_iteration": 0.07107377052307129, "total_cost": 1324528.8856405413, "xfc_longest_distance": 0, "num_xfc": 0}, "0.001": {"converge": true, "iteration": 7, "alpha": 0.15, "time_per_iteration": 0.0710229476292928, "total_cost": 1323568.6510970236, "xfc_longest_distance": 0, "num_xfc": 0}, "0.0001": {"converge": true, "iteration": 16, "alpha": 0.15, "time_per_iteration": 0.07089358965555827, "total_cost": 1323092.1071927892, "xfc_longest_distance": 0, "num_xfc": 0}}