{"0.5": {"converge": true, "iteration": 13, "alpha": 0.5, "time_per_iteration": 0.07200582822163899, "total_cost": 1343047.314112128, "xfc_longest_distance": 0, "num_xfc": 0}, "0.4": {"converge": true, "iteration": 38, "alpha": 0.4, "time_per_iteration": 0.07183532457093934, "total_cost": 1332048.8139667234, "xfc_longest_distance": 0, "num_xfc": 0}, "0.3": {"converge": true, "iteration": 6, "alpha": 0.3, "time_per_iteration": 0.0717390537261963, "total_cost": 1324861.4016110965, "xfc_longest_distance": 0, "num_xfc": 0}, "0.2": {"converge": true, "iteration": 8, "alpha": 0.2, "time_per_iteration": 0.07131876264299665, "total_cost": 1326397.4091595185, "xfc_longest_distance": 0, "num_xfc": 0}, "0.1": {"converge": true, "iteration": 12, "alpha": 0.1, "time_per_iteration": 0.070776029066606, "total_cost": 1327260.65458546, "xfc_longest_distance": 0, "num_xfc": 0}}