{"degree": {"converge": true, "iteration": 10, "alpha": 0.15, "time_per_iteration": 0.09848968187967937, "total_cost": 1438817.466093209, "xfc_longest_distance": 12.500388908469688, "num_xfc": 20}, "betweenness": {"converge": true, "iteration": 8, "alpha": 0.15, "time_per_iteration": 0.10000167574201312, "total_cost": 1526510.5808070553, "xfc_longest_distance": 14.11337445533142, "num_xfc": 20}, "eigenvector": {"converge": true, "iteration": 13, "alpha": 0.15, "time_per_iteration": 0.10613622268040974, "total_cost": 2077120.9640322956, "xfc_longest_distance": 21.14564941788476, "num_xfc": 20}, "closeness": {"converge": true, "iteration": 10, "alpha": 0.15, "time_per_iteration": 0.10350664456685384, "total_cost": 1781422.9599236764, "xfc_longest_distance": 17.040944169637754, "num_xfc": 20}, "weighted_betweenness": {"converge": true, "iteration": 5, "alpha": 0.15, "time_per_iteration": 0.097980797290802, "total_cost": 1620320.9293476325, "xfc_longest_distance": 15.00581126098806, "num_xfc": 20}, "adjusted_degree": {"converge": true, "iteration": 8, "alpha": 0.15, "time_per_iteration": 0.09870222636631557, "total_cost": 1425274.3827057332, "xfc_longest_distance": 12.266098924675333, "num_xfc": 20}, "adjusted_betweenness": {"converge": true, "iteration": 7, "alpha": 0.15, "time_per_iteration": 0.10029121239980061, "total_cost": 1468592.8627749374, "xfc_longest_distance": 14.024599147770509, "num_xfc": 20}, "demand_in_out": {"converge": true, "iteration": 7, "alpha": 0.15, "time_per_iteration": 0.084648331006368, "total_cost": 1326122.3393979927, "xfc_longest_distance": 7.0897546186729015, "num_xfc": 20}, "demand_in_out_adj": {"converge": true, "iteration": 4, "alpha": 0.15, "time_per_iteration": 0.09768390655517578, "total_cost": 1456955.339285985, "xfc_longest_distance": 13.776730811722954, "num_xfc": 20}, "greedy": {"converge": true, "iteration": 8, "alpha": 0.15, "time_per_iteration": 0.09757167952401298, "total_cost": 1588716.005062855, "xfc_longest_distance": 11.252414248738509, "num_xfc": 20}}