{"degree": 1405038.1208686586, "betweenness": 1432112.9625546227, "eigenvector": 1843304.1546473799, "closeness": 1640195.559649751}