{"10": 0.2427438735961914, "20": 0.2527066707611084, "30": 0.2597570852799849, "40": 0.27466100454330444, "50": 0.27757440294538227, "0": 0.28566973549979074}