{"degree": 12.085802523355467, "betweenness": 11.963089582914522, "eigenvector": 19.470307428248667, "closeness": 15.837126993977096, "weighted_betweenness": 12.052634387463431, "adjusted_degree": 12.117881116027155, "adjusted_betweenness": 8.600600015740653, "demand_in_out": 5.753423938265439, "demand_in_out_adj": 6.500010680216432}