{"0": 1398525.9735748344, "10": 1439444.810685181, "5": 1456887.538790206, "1": 1566691.1139020573}