{"0.1": 0.24193782806396485, "0.2": 0.4140342076619466, "0.3": 0.5944792032241821, "0.4": 0.8150662183761597, "0.5": 0.8956634521484375, "0": 0.10975289344787598}