{"degree": 1438817.466093209, "betweenness": 1526510.5808070553, "eigenvector": 2077120.9640322956, "closeness": 1781422.9599236764, "weighted_betweenness": 1620320.9293476325, "adjusted_degree": 1425274.3827057332, "adjusted_betweenness": 1468592.8627749374, "greedy": 1588716.005062855, "demand_in_out": 1326122.3393979927, "demand_in_out_adj": 1456955.339285985, "full_greedy": 1812416407.9400978}