{"0.1": {"converge": true, "iteration": 7, "alpha": 0.15, "time_per_iteration": 0.14958802858988443, "total_cost": 1424711.3824106583, "xfc_longest_distance": 12.026114201833419, "num_xfc": 41}, "0.2": {"converge": true, "iteration": 7, "alpha": 0.15, "time_per_iteration": 0.26161134243011475, "total_cost": 1395435.005189315, "xfc_longest_distance": 11.709280347493461, "num_xfc": 83}, "0.3": {"converge": true, "iteration": 8, "alpha": 0.15, "time_per_iteration": 0.3721897942679269, "total_cost": 1378045.0672066936, "xfc_longest_distance": 10.12635676094181, "num_xfc": 124}, "0.4": {"converge": true, "iteration": 5, "alpha": 0.15, "time_per_iteration": 0.47365206480026245, "total_cost": 1375863.7930419075, "xfc_longest_distance": 9.97480981501973, "num_xfc": 166}, "0.5": {"converge": true, "iteration": 7, "alpha": 0.15, "time_per_iteration": 0.5699369112650553, "total_cost": 1341610.9416472479, "xfc_longest_distance": 9.78794752585174, "num_xfc": 208}, "0": {"converge": true, "iteration": 7, "alpha": 0.15, "time_per_iteration": 0.07114076614379883, "total_cost": 1323568.6510970236, "xfc_longest_distance": 0, "num_xfc": 0}}