{"degree": 1720707.6517041977, "betweenness": 1819381.983425202, "eigenvector": 3500574.0031251474, "closeness": 2342232.85911039, "weighted_betweenness": 8411666.573413428, "adjusted_degree": 1720707.6517041977, "adjusted_betweenness": 1992349.4863395963, "greedy": 13126828.937872496, "demand_in_out": 2141989.604048256, "demand_in_out_adj": 5319197.421269072, "full_greedy": 1812416407.9400978, "gurobi": Infinity}