{"0.1": 0.22957341487591082, "0.2": 0.23173809051513672, "0.3": 0.2395075798034668, "0.4": 0.23362270991007486, "0.5": 0.24433674812316894, "0": 0.2617115633828299}