{"0.1": 0.24834151268005372, "0.2": 0.43129944801330566, "0.3": 0.6058526635169983, "0.4": 0.7661324342091879, "0.5": 0.953972864151001, "0": 0.11719115575154622}