{"degree": 1424711.3824106583, "betweenness": 1458596.1835981605, "eigenvector": 1868439.6172932216, "closeness": 1651712.992257263, "weighted_betweenness": 1517525.7982556694, "adjusted_degree": 1422399.832658642, "adjusted_betweenness": 1370599.2984525934, "greedy": 1709294.7358093793, "demand_in_out": 1323568.6510970236, "demand_in_out_adj": 1327360.015897571}