{"0": 0.1970970630645752, "10": 0.17901782989501952, "5": 0.16505952314897018, "1": 0.16502814292907714}