{"0": {"converge": true, "iteration": 6, "alpha": 0.15, "time_per_iteration": 0.16644682884216308, "total_cost": 1405038.1208686586, "xfc_longest_distance": 12.085802523355467, "num_xfc": 41}, "20": {"converge": true, "iteration": 9, "alpha": 0.15, "time_per_iteration": 0.1549508273601532, "total_cost": 1414058.1643772717, "xfc_longest_distance": 12.292490777112734, "num_xfc": 41}, "10": {"converge": true, "iteration": 7, "alpha": 0.15, "time_per_iteration": 0.1487500270207723, "total_cost": 1424711.3824106583, "xfc_longest_distance": 12.026114201833419, "num_xfc": 41}, "5": {"converge": true, "iteration": 6, "alpha": 0.15, "time_per_iteration": 0.14638309478759765, "total_cost": 1464859.4111217237, "xfc_longest_distance": 12.483473762231753, "num_xfc": 41}, "1": {"converge": true, "iteration": 11, "alpha": 0.15, "time_per_iteration": 0.14495909214019775, "total_cost": 1572745.6256687834, "xfc_longest_distance": 13.2681794746527, "num_xfc": 41}}