{
    "0.1": 1.19535231590271,
    "0.2": 1.725827932357788,
    "0.3": 5.3425984382629395,
    "0.4": 5.309478521347046,
    "0.5": 3.656419277191162,
    "0": 0.7781751155853271
}