{"degree": 17.603569717404266, "betweenness": 17.031175621303056, "eigenvector": 13.30266338935639, "closeness": 9.861656084435126, "weighted_betweenness": 14.819540389623725, "adjusted_degree": 18.079435510099376, "adjusted_betweenness": 26.039325263410152}