{"0": 0.2139890534537179, "10": 0.18878669738769532, "5": 0.1846590909090909, "1": 0.18475589752197266}