{"0.5": {"converge": true, "iteration": 68, "alpha": 0.5, "time_per_iteration": 2.8419638569675274, "total_cost": 20747444.029233344, "xfc_longest_distance": 0, "num_xfc": 0}, "0.4": {"converge": false, "iteration": 201, "alpha": 0.4, "time_per_iteration": 2.8093045568466186, "total_cost": 19495232.024864435, "xfc_longest_distance": 0, "num_xfc": 0}, "0.3": {"converge": true, "iteration": 93, "alpha": 0.3, "time_per_iteration": 2.7985309491986814, "total_cost": 18520588.764031887, "xfc_longest_distance": 0, "num_xfc": 0}, "0.2": {"converge": true, "iteration": 11, "alpha": 0.2, "time_per_iteration": 2.791847586631775, "total_cost": 18496374.737660047, "xfc_longest_distance": 0, "num_xfc": 0}, "0.1": {"converge": true, "iteration": 20, "alpha": 0.1, "time_per_iteration": 2.799368368951898, "total_cost": 18473299.191361133, "xfc_longest_distance": 0, "num_xfc": 0}}