{"0.1": {"converge": true, "iteration": 5, "alpha": 0.15, "time_per_iteration": 2.8047954440116882, "total_cost": 18967499.123651166, "xfc_longest_distance": 0, "num_xfc": 0}, "0.01": {"converge": true, "iteration": 7, "alpha": 0.15, "time_per_iteration": 2.7864321072896323, "total_cost": 18609702.18169977, "xfc_longest_distance": 0, "num_xfc": 0}, "0.001": {"converge": true, "iteration": 11, "alpha": 0.15, "time_per_iteration": 2.8132118940353394, "total_cost": 18506202.19459631, "xfc_longest_distance": 0, "num_xfc": 0}, "0.0001": {"converge": true, "iteration": 20, "alpha": 0.15, "time_per_iteration": 2.8040370564711723, "total_cost": 18443050.73994505, "xfc_longest_distance": 0, "num_xfc": 0}}