{"0": {"converge": true, "iteration": 24, "alpha": 0.15, "time_per_iteration": 13.546481536782306, "total_cost": 42640187.54604399, "xfc_longest_distance": 88.87556166340451, "num_xfc": 93}, "20": {"converge": true, "iteration": 24, "alpha": 0.15, "time_per_iteration": 8.818341472874517, "total_cost": 43004155.96318258, "xfc_longest_distance": 83.27906846596905, "num_xfc": 93}, "10": {"converge": true, "iteration": 22, "alpha": 0.15, "time_per_iteration": 8.20529722032093, "total_cost": 44459743.88298785, "xfc_longest_distance": 81.63831420308117, "num_xfc": 93}, "5": {"converge": true, "iteration": 23, "alpha": 0.15, "time_per_iteration": 7.9136881828308105, "total_cost": 45921388.05972743, "xfc_longest_distance": 95.55587013834163, "num_xfc": 93}, "1": {"converge": true, "iteration": 22, "alpha": 0.15, "time_per_iteration": 7.796913646516346, "total_cost": 54380093.55144991, "xfc_longest_distance": 84.02402939506214, "num_xfc": 93}}