{
    "0.1": 367.80311608314514,
    "0.2": 416.6827652454376,
    "0.3": 351.819039106369,
    "0.4": 474.40721344947815,
    "0.5": 627.8731842041016,
    "0": 43.35083794593811
}