{"0": 42596557.0849689, "10": 44417933.97293184, "5": 45838836.3481865, "1": 52175306.722106226}