{"degree": {"converge": true, "iteration": 35, "alpha": 0.15, "time_per_iteration": 8.630249668570126, "total_cost": 64161054.013059, "xfc_longest_distance": 94.61411483784514, "num_xfc": 46}, "betweenness": {"converge": true, "iteration": 47, "alpha": 0.15, "time_per_iteration": 8.714330294857854, "total_cost": 146942121.38727814, "xfc_longest_distance": 238.12521389503587, "num_xfc": 46}, "eigenvector": {"converge": true, "iteration": 59, "alpha": 0.15, "time_per_iteration": 11.19583113440152, "total_cost": 2263523168.6568885, "xfc_longest_distance": 1696.2874090503258, "num_xfc": 46}, "closeness": {"converge": true, "iteration": 32, "alpha": 0.15, "time_per_iteration": 10.156608781506938, "total_cost": 3388719924.2389336, "xfc_longest_distance": 1178.0681524112338, "num_xfc": 46}, "weighted_betweenness": {"converge": true, "iteration": 41, "alpha": 0.15, "time_per_iteration": 8.978818577528, "total_cost": 178134635.3807082, "xfc_longest_distance": 327.6031215439818, "num_xfc": 46}, "adjusted_degree": {"converge": true, "iteration": 25, "alpha": 0.15, "time_per_iteration": 8.59521554907163, "total_cost": 59943221.80485199, "xfc_longest_distance": 88.14307019072304, "num_xfc": 46}, "adjusted_betweenness": {"converge": true, "iteration": 38, "alpha": 0.15, "time_per_iteration": 8.970272541046143, "total_cost": 170588576.55484277, "xfc_longest_distance": 274.24400614952157, "num_xfc": 46}, "demand_in_out": {"converge": true, "iteration": 37, "alpha": 0.15, "time_per_iteration": 9.173354923725128, "total_cost": 119455685.89527707, "xfc_longest_distance": 192.71470146226858, "num_xfc": 46}, "demand_in_out_adj": {"converge": true, "iteration": 39, "alpha": 0.15, "time_per_iteration": 9.889805373392607, "total_cost": 123681293.63271844, "xfc_longest_distance": 193.5472875142689, "num_xfc": 46}, "greedy": {"converge": true, "iteration": 77, "alpha": 0.15, "time_per_iteration": 11.780479700941788, "total_cost": 10920028411.271885, "xfc_longest_distance": 5398.552958978024, "num_xfc": 46}}