{"0.1": 10.280837774276733, "0.2": 11.673757863044738, "0.3": 12.798684072494506, "0.4": 13.975632071495056, "0.5": 14.559043836593627, "0": 14.989414179325104}