{"0.1": 11.876054948026484, "0.2": 14.893210692839189, "0.3": 18.29092744777077, "0.4": 21.642780542373657, "0.5": 25.957966923713684, "0": 4.393860340118408}