{"degree": 12680639329.001514, "betweenness": 82218477676.7389, "eigenvector": 204174548888.5649, "closeness": 375428558773.6555, "weighted_betweenness": 114240200969.99944, "adjusted_degree": 12680639329.001514, "adjusted_betweenness": 305501368139.559, "greedy": 1380257393378.99, "demand_in_out": 14260052939.79241, "demand_in_out_adj": 14534412806.747051, "full_greedy": 148657342171137.38, "gurobi": Infinity}