{
    "10": 11.073642122745515,
    "20": 12.169837963581084,
    "30": 13.994872498512269,
    "40": 15.330491769313813,
    "50": 17.067690467834474,
    "0": 22.77722133398056
}