{"0.1": 12.061594235897065, "0.2": 15.280017387866973, "0.3": 18.628187141920392, "0.4": 22.170829749107362, "0.5": 25.840671479701996, "0": 4.861084938049316}