{"0": 18.593413496017455, "10": 8.210897302627563, "5": 7.588693044402382, "1": 7.247459830659809}