{"degree": 42640187.54604399, "betweenness": 50094255.21960123, "eigenvector": 1343809931.5301201, "closeness": 795538065.9145712}