{"degree": 64161054.013059, "betweenness": 146942121.38727814, "eigenvector": 2263523168.6568885, "closeness": 3388719924.2389336, "weighted_betweenness": 178134635.3807082, "adjusted_degree": 59943221.80485199, "adjusted_betweenness": 170588576.55484277, "greedy": 10920028411.271885, "demand_in_out": 119455685.89527707, "demand_in_out_adj": 123681293.63271844, "full_greedy": 148657342171137.38}