{"degree": 88.87556166340451, "betweenness": 177.21852141037965, "eigenvector": 1361.518442095233, "closeness": 309.4458826428678, "weighted_betweenness": 119.89270392800287, "adjusted_degree": 80.25895860780966, "adjusted_betweenness": 78.66362060340431, "demand_in_out": 87.34154555281089, "demand_in_out_adj": 86.90010115550557}