{"0.1": {"converge": true, "iteration": 22, "alpha": 0.15, "time_per_iteration": 8.18049270766122, "total_cost": 44459743.88298785, "xfc_longest_distance": 81.63831420308117, "num_xfc": 93}, "0.2": {"converge": true, "iteration": 22, "alpha": 0.15, "time_per_iteration": 11.628737688064575, "total_cost": 23570927.171848144, "xfc_longest_distance": 70.30884025739883, "num_xfc": 186}, "0.3": {"converge": true, "iteration": 20, "alpha": 0.15, "time_per_iteration": 15.297805259102269, "total_cost": 21544233.000829514, "xfc_longest_distance": 70.60433872140726, "num_xfc": 279}, "0.4": {"converge": true, "iteration": 11, "alpha": 0.15, "time_per_iteration": 18.991699552536012, "total_cost": 18879582.111621022, "xfc_longest_distance": 29.714150058311866, "num_xfc": 373}, "0.5": {"converge": true, "iteration": 11, "alpha": 0.15, "time_per_iteration": 22.639027452468873, "total_cost": 18543492.70273082, "xfc_longest_distance": 19.9760699772359, "num_xfc": 466}, "0": {"converge": true, "iteration": 11, "alpha": 0.15, "time_per_iteration": 2.7809940576553345, "total_cost": 18506202.19459631, "xfc_longest_distance": 0, "num_xfc": 0}}