{"degree": 169.30818698305993, "betweenness": 138.63113942376316, "eigenvector": 117.05086613084549, "closeness": 188.36511833139738, "weighted_betweenness": 92.74916189727963, "adjusted_degree": 153.79911611136745, "adjusted_betweenness": 116.45616665832166}