start,end,flow,travel_time
1,4,0.0,50.0
1,3,6.0,60.00000001
3,4,4.1532680963691115,14.15326809636911
3,2,1.8467319036308867,51.84673190363088
4,2,4.1532680963691115,41.532680973691114
