start,end,flow,travel_time
1,4,2.0275862068965522,52.02758620689655
1,3,3.972413793103451,39.724137941034506
3,4,1.986206896551724,11.986206896551725
3,2,1.9862068965517239,51.98620689655172
4,2,4.013793103448277,40.13793104448277
