start,end,flow,travel_time
1,4,1.9926248156423318,51.99262481564233
1,3,4.00737518435767,40.0737518535767
3,4,1.7933476114217457,11.793347611421744
3,2,2.2140275729359242,52.214027572935926
4,2,3.785972427064077,37.85972428064077
