start,end,flow,travel_time
1,4,2.0399999999999996,52.04
1,3,3.9600000000000017,39.60000001000002
3,4,1.9799999999999998,11.98
3,2,1.98,51.980000000000004
4,2,4.02,40.20000001
