start,end,flow,travel_time
1,4,1.9672131147544905,51.96721311475449
1,3,4.032786885245512,40.32786886245512
3,4,1.5737704918023987,11.573770491802398
3,2,2.459016393443113,52.459016393443115
4,2,3.54098360655689,35.409836075568904
