start,end,flow,travel_time
1,4,1.5411557807871414,51.54115578078714
1,3,4.458844219212857,44.588442202128576
3,4,1.7027552136951822,11.702755213695182
3,2,2.756089005517675,52.75608900551767
4,2,3.2439109944823246,32.439109954823245
