start,end,flow,travel_time
1,4,3.0821425595734047,53.082142559573406
1,3,2.9178574404265962,29.178574414265963
3,4,1.6544117647058825,11.654411764705884
3,2,1.2634456757207133,51.26344567572071
4,2,4.736554324279288,47.365543252792875
