start,end,flow,travel_time
1,4,3.8671875,53.8671875
1,3,2.1328125,21.32812501
3,4,0.3984375,10.3984375
3,2,1.734375,51.734375
4,2,4.265625,42.65625001
