init_node,term_node,flow
1,3,4.540509810937499
1,4,1.4594901890624996
3,2,2.140566660703125
3,4,2.399943150234374
4,2,3.859433339296874
