{"0.1": {"converge": true, "iteration": 5, "alpha": 0.15, "time_per_iteration": 2.1576881408691406e-05, "total_cost": 546.000000075, "xfc_longest_distance": 0, "num_xfc": 0}, "0.01": {"converge": true, "iteration": 14, "alpha": 0.15, "time_per_iteration": 1.797309288611779e-05, "total_cost": 547.1715977115975, "xfc_longest_distance": 0, "num_xfc": 0}, "0.001": {"converge": true, "iteration": 146, "alpha": 0.15, "time_per_iteration": 1.5007216354896283e-05, "total_cost": 551.4589299252846, "xfc_longest_distance": 0, "num_xfc": 0}, "0.0001": {"converge": false, "iteration": 201, "alpha": 0.15, "time_per_iteration": 1.523137092590332e-05, "total_cost": 551.2026000798003, "xfc_longest_distance": 0, "num_xfc": 0}}