{"0.5": {"converge": true, "iteration": 10, "alpha": 0.5, "time_per_iteration": 1.7722447713216145e-05, "total_cost": 529.6289063139843, "xfc_longest_distance": 0, "num_xfc": 0}, "0.4": {"converge": false, "iteration": 201, "alpha": 0.4, "time_per_iteration": 1.4507770538330078e-05, "total_cost": 557.1448946035538, "xfc_longest_distance": 0, "num_xfc": 0}, "0.3": {"converge": false, "iteration": 201, "alpha": 0.3, "time_per_iteration": 1.4426708221435546e-05, "total_cost": 582.4195193717974, "xfc_longest_distance": 0, "num_xfc": 0}, "0.2": {"converge": false, "iteration": 201, "alpha": 0.2, "time_per_iteration": 1.4749765396118165e-05, "total_cost": 572.5815641802637, "xfc_longest_distance": 0, "num_xfc": 0}, "0.1": {"converge": false, "iteration": 201, "alpha": 0.1, "time_per_iteration": 1.4530420303344727e-05, "total_cost": 561.0770006559466, "xfc_longest_distance": 0, "num_xfc": 0}}