{"0.1": {"converge": true, "iteration": 131, "alpha": 0.15, "time_per_iteration": 1.911200009859525e-05, "total_cost": 672.8975148912075, "xfc_longest_distance": Infinity, "num_xfc": 1}, "0.2": {"converge": true, "iteration": 131, "alpha": 0.15, "time_per_iteration": 1.906615037184495e-05, "total_cost": 672.8975148912075, "xfc_longest_distance": Infinity, "num_xfc": 1}, "0.3": {"converge": true, "iteration": 131, "alpha": 0.15, "time_per_iteration": 1.994463113638071e-05, "total_cost": 672.8975148912075, "xfc_longest_distance": Infinity, "num_xfc": 1}, "0.4": {"converge": true, "iteration": 131, "alpha": 0.15, "time_per_iteration": 2.013536599966196e-05, "total_cost": 672.8975148912075, "xfc_longest_distance": Infinity, "num_xfc": 1}, "0.5": {"converge": true, "iteration": 146, "alpha": 0.15, "time_per_iteration": 2.9121596237708783e-05, "total_cost": 551.4589299252846, "xfc_longest_distance": Infinity, "num_xfc": 2}, "0": {"converge": true, "iteration": 146, "alpha": 0.15, "time_per_iteration": 1.4495849609375e-05, "total_cost": 551.4589299252846, "xfc_longest_distance": 0, "num_xfc": 0}}