{"0.1": 2.7890205383300782e-05, "0.2": 2.457857131958008e-05, "0.3": 2.2974014282226562e-05, "0.4": 2.4077892303466796e-05, "0.5": 3.988981246948242e-05, "0": 2.4628639221191406e-05}