{"10": 3.718137741088867e-05, "20": 2.6750564575195313e-05, "30": 2.6416778564453124e-05, "40": 2.4771690368652345e-05, "50": 3.175735473632812e-05, "0": 3.063678741455078e-05}