{"0": 1.6412734985351563e-05, "10": 2.4466514587402345e-05, "5": 4.1897296905517576e-05, "1": 1.7335414886474608e-05}