{"degree": 673.2672000984002, "betweenness": 673.2672000984002, "eigenvector": 551.2224000798001, "closeness": 551.2224000798001, "weighted_betweenness": 673.2672000984002, "adjusted_degree": 673.2672000984002}