{"0.1": 2.608299255371094e-05, "0.2": 2.6500225067138673e-05, "0.3": 2.619028091430664e-05, "0.4": 2.5475025177001952e-05, "0.5": 2.537965774536133e-05, "0": 2.3758411407470704e-05}