start,end,flow,travel_time
1,4,2.1599999999999997,52.16
1,3,3.8400000000000025,38.40000001000003
3,4,3.8400000000000025,13.840000000000003
3,2,0.0,50.0
4,2,5.999999999999999,60.000000009999994
