start,end,flow,travel_time
1,4,0.0,50.0
1,3,6.000000000000001,60.00000001000001
3,4,3.830769230769234,13.830769230769233
3,2,2.1692307692307686,52.169230769230765
4,2,3.830769230769234,38.30769231769234
