{
    "0.1": 0.0035185813903808594,
    "0.2": 0.0034444332122802734,
    "0.3": 0.0032317638397216797,
    "0.4": 0.00330352783203125,
    "0.5": 0.0050754547119140625,
    "0": 0.002340555191040039
}