{"0": {"converge": true, "iteration": 131, "alpha": 0.15, "time_per_iteration": 3.0196630037747898e-05, "total_cost": 672.8975148912075, "xfc_longest_distance": Infinity, "num_xfc": 1}, "20": {"converge": true, "iteration": 131, "alpha": 0.15, "time_per_iteration": 1.890109135554387e-05, "total_cost": 672.8975148912075, "xfc_longest_distance": Infinity, "num_xfc": 1}, "10": {"converge": true, "iteration": 131, "alpha": 0.15, "time_per_iteration": 1.9660362830528847e-05, "total_cost": 672.8975148912075, "xfc_longest_distance": Infinity, "num_xfc": 1}, "5": {"converge": true, "iteration": 131, "alpha": 0.15, "time_per_iteration": 1.9348584688626804e-05, "total_cost": 672.8975148912075, "xfc_longest_distance": Infinity, "num_xfc": 1}, "1": {"converge": true, "iteration": 131, "alpha": 0.15, "time_per_iteration": 1.940727233886719e-05, "total_cost": 672.8975148912075, "xfc_longest_distance": Infinity, "num_xfc": 1}}