{"0": 673.2672000984002, "10": 673.2672000984002, "5": 673.2672000984002, "1": 673.2672000984002}