{"0.1": 2.8896331787109376e-05, "0.2": 4.549026489257813e-05, "0.3": 4.668235778808594e-05, "0.4": 4.5347213745117185e-05, "0.5": 0.00010063648223876954, "0": 2.9146671295166016e-05}