{"0": 2.790689468383789e-05, "10": 2.0885467529296874e-05, "5": 2.547740936279297e-05, "1": 1.7387866973876955e-05}